{
  "project_info": {
    "project_number": "681457037469",
    "project_id": "elev8-c92e7",
    "storage_bucket": "elev8-c92e7.appspot.com"
  },
  "client": [
    {
      "client_info": {
        "mobilesdk_app_id": "1:681457037469:android:ff59f82229a6aef7e5e474",
        "android_client_info": {
          "package_name": "net.softment.ELEV8"
        }
      },
      "oauth_client": [
        {
          "client_id": "681457037469-psphn9vnads17q5qsni6p6og3l7t3ps5.apps.googleusercontent.com",
          "client_type": 3
        }
      ],
      "api_key": [
        {
          "current_key": "AIzaSyDJm8Ol0S_ugaSn1VpM1pKhHjUP6ysjOgk"
        }
      ],
      "services": {
        "appinvite_service": {
          "other_platform_oauth_client": [
            {
              "client_id": "681457037469-psphn9vnads17q5qsni6p6og3l7t3ps5.apps.googleusercontent.com",
              "client_type": 3
            }
          ]
        }
      }
    }
  ],
  "configuration_version": "1"
}