{"v":"5.5.7","fr":30,"ip":0,"op":99,"w":1500,"h":1500,"nm":"Comp 2","ddd":0,"assets":[{"id":"comp_0","layers":[{"ddd":0,"ind":1,"ty":4,"nm":"가운데반사","sr":1,"ks":{"o":{"a":0,"k":100,"ix":11},"r":{"a":0,"k":0,"ix":10},"p":{"a":0,"k":[746.11,749.364,0],"ix":2},"a":{"a":0,"k":[-3.89,-0.636,0],"ix":1},"s":{"a":0,"k":[100,100,100],"ix":6}},"ao":0,"shapes":[{"ty":"gr","it":[{"ind":0,"ty":"sh","ix":1,"ks":{"a":0,"k":{"i":[[61,0],[-1,-29.5],[1.446,-20.974],[4.719,-47.188],[-59.034,0],[0.551,41.707],[5,35],[-0.524,36.135]],"o":[[-61,0],[0.782,23.074],[-2,29],[-3,30],[57,0],[-0.455,-34.463],[-4.101,-28.709],[0.5,-34.5]],"v":[[-6,-167.5],[-145,-114],[-53,-9],[-136,110],[-6,159],[134.449,105.293],[40,-11],[134,-113]],"c":true},"ix":2},"nm":"Path 1","mn":"ADBE Vector Shape - Group","hd":false},{"ty":"gf","o":{"a":0,"k":100,"ix":10},"r":1,"bm":0,"g":{"p":5,"k":{"a":0,"k":[0,1,1,1,0.251,1,1,1,0.501,1,1,1,0.648,1,1,1,1,1,1,1,0,0,0.248,0.5,0.496,1,0.667,0.5,1,0],"ix":9}},"s":{"a":0,"k":[-7.016,160.719],"ix":5},"e":{"a":0,"k":[-3.805,-157.633],"ix":6},"t":1,"nm":"Gradient Fill 1","mn":"ADBE Vector Graphic - G-Fill","hd":false},{"ty":"tr","p":{"a":0,"k":[0,0],"ix":2},"a":{"a":0,"k":[0,0],"ix":1},"s":{"a":0,"k":[100,100],"ix":3},"r":{"a":0,"k":0,"ix":6},"o":{"a":0,"k":100,"ix":7},"sk":{"a":0,"k":0,"ix":4},"sa":{"a":0,"k":0,"ix":5},"nm":"Transform"}],"nm":"Shape 1","np":3,"cix":2,"bm":0,"ix":1,"mn":"ADBE Vector Group","hd":false}],"ip":0,"op":300.3003003003,"st":0,"bm":0},{"ddd":0,"ind":2,"ty":4,"nm":"Shape Layer 20","sr":1,"ks":{"o":{"a":0,"k":100,"ix":11},"r":{"a":0,"k":-180,"ix":10},"p":{"a":0,"k":[730,733,0],"ix":2},"a":{"a":0,"k":[0,0,0],"ix":1},"s":{"a":0,"k":[106.07,129.144,100],"ix":6}},"ao":0,"shapes":[{"ty":"gr","it":[{"ind":0,"ty":"sh","ix":1,"ks":{"a":0,"k":{"i":[[46.196,-0.774],[41.435,-18.848],[12.256,-55.752],[-132.931,0],[6.479,15.18],[50.438,22.843]],"o":[[-46.196,0.774],[-122.561,55.752],[-5.989,27.241],[148.016,0],[-32.054,-75.11],[-26.563,-12.03]],"v":[[-0.943,13.938],[-101.82,41.039],[-289.432,193.582],[-21.684,250.882],[269.634,190.484],[105.591,48.783]],"c":true},"ix":2},"nm":"Path 1","mn":"ADBE Vector Shape - Group","hd":false},{"ty":"gf","o":{"a":0,"k":100,"ix":10},"r":1,"bm":0,"g":{"p":3,"k":{"a":0,"k":[0,1,1,1,0.529,1,1,1,1,1,1,1,0,0,0.69,0.25,1,0.5],"ix":9}},"s":{"a":0,"k":[6.684,157.207],"ix":5},"e":{"a":0,"k":[-3.274,19.234],"ix":6},"t":1,"nm":"Gradient Fill 1","mn":"ADBE Vector Graphic - G-Fill","hd":false},{"ty":"tr","p":{"a":0,"k":[0,0],"ix":2},"a":{"a":0,"k":[0,0],"ix":1},"s":{"a":0,"k":[100,100],"ix":3},"r":{"a":0,"k":0,"ix":6},"o":{"a":0,"k":100,"ix":7},"sk":{"a":0,"k":0,"ix":4},"sa":{"a":0,"k":0,"ix":5},"nm":"Transform"}],"nm":"Shape 1","np":3,"cix":2,"bm":0,"ix":1,"mn":"ADBE Vector Group","hd":false},{"ty":"gr","it":[{"ty":"gf","o":{"a":0,"k":100,"ix":10},"r":1,"bm":0,"g":{"p":3,"k":{"a":0,"k":[0,1,1,1,0.529,1,1,1,1,1,1,1,0,0,0.69,0.25,1,0.5],"ix":9}},"s":{"a":0,"k":[6.617,82.273],"ix":5},"e":{"a":0,"k":[4.961,-68.414],"ix":6},"t":1,"nm":"Gradient Fill 1","mn":"ADBE Vector Graphic - G-Fill","hd":false},{"ty":"tr","p":{"a":0,"k":[-3.581,97.662],"ix":2},"a":{"a":0,"k":[0,0],"ix":1},"s":{"a":0,"k":[104.709,100],"ix":3},"r":{"a":0,"k":0,"ix":6},"o":{"a":0,"k":100,"ix":7},"sk":{"a":0,"k":0,"ix":4},"sa":{"a":0,"k":0,"ix":5},"nm":"Transform"}],"nm":"Ellipse 1","np":2,"cix":2,"bm":0,"ix":2,"mn":"ADBE Vector Group","hd":false}],"ip":0,"op":300.3003003003,"st":0,"bm":0},{"ddd":0,"ind":3,"ty":4,"nm":"Shape Layer 19","sr":1,"ks":{"o":{"a":0,"k":100,"ix":11},"r":{"a":0,"k":-360,"ix":10},"p":{"a":0,"k":[750,745,0],"ix":2},"a":{"a":0,"k":[0,0,0],"ix":1},"s":{"a":0,"k":[106.07,129.144,100],"ix":6}},"ao":0,"shapes":[{"ty":"gr","it":[{"ind":0,"ty":"sh","ix":1,"ks":{"a":0,"k":{"i":[[46.196,-0.774],[39.597,-22.455],[-0.501,-14.824],[-132.931,0],[2.828,16.261],[28.283,17.035]],"o":[[-46.196,0.774],[-37.476,21.253],[0.943,27.876],[148.016,0],[-2.828,-16.261],[-24.979,-15.045]],"v":[[-0.943,13.938],[-101.82,41.039],[-200.811,116.149],[-10.371,173.449],[182.898,113.052],[105.591,48.783]],"c":true},"ix":2},"nm":"Path 1","mn":"ADBE Vector Shape - Group","hd":false},{"ty":"gf","o":{"a":0,"k":100,"ix":10},"r":1,"bm":0,"g":{"p":3,"k":{"a":0,"k":[0,1,1,1,0.529,1,1,1,1,1,1,1,0,0,0.69,0.38,1,0.76],"ix":9}},"s":{"a":0,"k":[6.684,157.207],"ix":5},"e":{"a":0,"k":[-3.274,19.234],"ix":6},"t":1,"nm":"Gradient Fill 1","mn":"ADBE Vector Graphic - G-Fill","hd":false},{"ty":"tr","p":{"a":0,"k":[0,0],"ix":2},"a":{"a":0,"k":[0,0],"ix":1},"s":{"a":0,"k":[100,100],"ix":3},"r":{"a":0,"k":0,"ix":6},"o":{"a":0,"k":100,"ix":7},"sk":{"a":0,"k":0,"ix":4},"sa":{"a":0,"k":0,"ix":5},"nm":"Transform"}],"nm":"Shape 1","np":3,"cix":2,"bm":0,"ix":1,"mn":"ADBE Vector Group","hd":false},{"ty":"gr","it":[{"ty":"gf","o":{"a":0,"k":100,"ix":10},"r":1,"bm":0,"g":{"p":3,"k":{"a":0,"k":[0,1,1,1,0.529,1,1,1,1,1,1,1,0,0,0.69,0.38,1,0.76],"ix":9}},"s":{"a":0,"k":[6.617,82.273],"ix":5},"e":{"a":0,"k":[4.961,-68.414],"ix":6},"t":1,"nm":"Gradient Fill 1","mn":"ADBE Vector Graphic - G-Fill","hd":false},{"ty":"tr","p":{"a":0,"k":[-3.581,97.662],"ix":2},"a":{"a":0,"k":[0,0],"ix":1},"s":{"a":0,"k":[104.709,100],"ix":3},"r":{"a":0,"k":0,"ix":6},"o":{"a":0,"k":100,"ix":7},"sk":{"a":0,"k":0,"ix":4},"sa":{"a":0,"k":0,"ix":5},"nm":"Transform"}],"nm":"Ellipse 1","np":2,"cix":2,"bm":0,"ix":2,"mn":"ADBE Vector Group","hd":false}],"ip":0,"op":300.3003003003,"st":0,"bm":0},{"ddd":0,"ind":5,"ty":4,"nm":"Shape Layer 17","sr":1,"ks":{"o":{"a":0,"k":50,"ix":11},"r":{"a":0,"k":0,"ix":10},"p":{"a":0,"k":[929.008,942.48,0],"ix":2},"a":{"a":0,"k":[179.008,192.48,0],"ix":1},"s":{"a":0,"k":[100,100,100],"ix":6}},"ao":0,"shapes":[{"ty":"gr","it":[{"ind":0,"ty":"sh","ix":1,"ks":{"a":0,"k":{"i":[[3.25,0.5],[-3.25,-2.75],[-78.923,-80.101],[5.5,-40],[-4,45],[71.5,59.75]],"o":[[-3.25,-0.5],[3.25,2.75],[67,68],[-1.226,8.916],[8.775,-98.723],[-70.349,-58.788]],"v":[[52,-3],[55.25,4.5],[235,154],[260.5,368],[296,353],[239,127]],"c":true},"ix":2},"nm":"Path 1","mn":"ADBE Vector Shape - Group","hd":false},{"ty":"gf","o":{"a":0,"k":100,"ix":10},"r":1,"bm":0,"g":{"p":3,"k":{"a":0,"k":[0,1,1,1,0.22,1,1,1,0.486,1,1,1,0,0,0.69,0.5,1,1],"ix":9}},"s":{"a":0,"k":[210.348,408.285],"ix":5},"e":{"a":0,"k":[207.816,232.352],"ix":6},"t":1,"nm":"Gradient Fill 1","mn":"ADBE Vector Graphic - G-Fill","hd":false},{"ty":"tr","p":{"a":0,"k":[0,0],"ix":2},"a":{"a":0,"k":[0,0],"ix":1},"s":{"a":0,"k":[100,100],"ix":3},"r":{"a":0,"k":0,"ix":6},"o":{"a":0,"k":100,"ix":7},"sk":{"a":0,"k":0,"ix":4},"sa":{"a":0,"k":0,"ix":5},"nm":"Transform"}],"nm":"Shape 1","np":3,"cix":2,"bm":0,"ix":1,"mn":"ADBE Vector Group","hd":false}],"ip":0,"op":300.3003003003,"st":0,"bm":0},{"ddd":0,"ind":6,"ty":4,"nm":"Shape Layer 16","sr":1,"ks":{"o":{"a":0,"k":50,"ix":11},"r":{"a":0,"k":0,"ix":10},"p":{"a":0,"k":[747,750,0],"ix":2},"a":{"a":0,"k":[0,0,0],"ix":1},"s":{"a":0,"k":[100,100,100],"ix":6}},"ao":0,"shapes":[{"ty":"gr","it":[{"ind":0,"ty":"sh","ix":1,"ks":{"a":0,"k":{"i":[[0,0],[9,-72],[65.831,-47.877],[1,-1],[-37.32,23.559],[-27.967,32.188],[0,0]],"o":[[0,0],[-9.385,75.079],[-33,24],[2.362,1.889],[41.694,-26.32],[73.344,-84.414],[0,0]],"v":[[290,-380],[293,-295],[177,-119],[60,-33],[131.376,-75.405],[258,-172],[309,-386]],"c":true},"ix":2},"nm":"Path 1","mn":"ADBE Vector Shape - Group","hd":false},{"ty":"fl","c":{"a":0,"k":[1,1,1,1],"ix":4},"o":{"a":0,"k":100,"ix":5},"r":1,"bm":0,"nm":"Fill 1","mn":"ADBE Vector Graphic - Fill","hd":false},{"ty":"tr","p":{"a":0,"k":[0,0],"ix":2},"a":{"a":0,"k":[0,0],"ix":1},"s":{"a":0,"k":[100,100],"ix":3},"r":{"a":0,"k":0,"ix":6},"o":{"a":0,"k":100,"ix":7},"sk":{"a":0,"k":0,"ix":4},"sa":{"a":0,"k":0,"ix":5},"nm":"Transform"}],"nm":"Shape 1","np":3,"cix":2,"bm":0,"ix":1,"mn":"ADBE Vector Group","hd":false}],"ip":0,"op":300.3003003003,"st":0,"bm":0},{"ddd":0,"ind":7,"ty":4,"nm":"Shape Layer 15","sr":1,"ks":{"o":{"a":0,"k":66,"ix":11},"r":{"a":0,"k":0,"ix":10},"p":{"a":0,"k":[558.5,914.004,0],"ix":2},"a":{"a":0,"k":[-191.5,164.004,0],"ix":1},"s":{"a":0,"k":[100,100,100],"ix":6}},"ao":0,"shapes":[{"ty":"gr","it":[{"ind":0,"ty":"sh","ix":1,"ks":{"a":0,"k":{"i":[[-8,3],[53,-51],[3,-116],[-1,28],[-34,48]],"o":[[8,-3],[-53,51],[0,16],[1,-28],[34,-48]],"v":[[-63,-7],[-257,136],[-320,322],[-285,315],[-268,175]],"c":true},"ix":2},"nm":"Path 1","mn":"ADBE Vector Shape - Group","hd":false},{"ty":"gf","o":{"a":0,"k":100,"ix":10},"r":1,"bm":0,"g":{"p":3,"k":{"a":0,"k":[0,1,1,1,0.22,1,1,1,0.486,1,1,1,0,0,0.69,0.5,1,1],"ix":9}},"s":{"a":0,"k":[-265.727,381.773],"ix":5},"e":{"a":0,"k":[-245.734,178.578],"ix":6},"t":1,"nm":"Gradient Fill 1","mn":"ADBE Vector Graphic - G-Fill","hd":false},{"ty":"tr","p":{"a":0,"k":[0,0],"ix":2},"a":{"a":0,"k":[0,0],"ix":1},"s":{"a":0,"k":[100,100],"ix":3},"r":{"a":0,"k":0,"ix":6},"o":{"a":0,"k":100,"ix":7},"sk":{"a":0,"k":0,"ix":4},"sa":{"a":0,"k":0,"ix":5},"nm":"Transform"}],"nm":"Shape 1","np":3,"cix":2,"bm":0,"ix":1,"mn":"ADBE Vector Group","hd":false}],"ip":0,"op":300.3003003003,"st":0,"bm":0},{"ddd":0,"ind":8,"ty":4,"nm":"Shape Layer 14","sr":1,"ks":{"o":{"a":0,"k":65,"ix":11},"r":{"a":0,"k":0,"ix":10},"p":{"a":0,"k":[750,750,0],"ix":2},"a":{"a":0,"k":[0,0,0],"ix":1},"s":{"a":0,"k":[100,100,100],"ix":6}},"ao":0,"shapes":[{"ty":"gr","it":[{"ind":0,"ty":"sh","ix":1,"ks":{"a":0,"k":{"i":[[0,0],[-62,-85],[0,0],[32,43],[-15,82]],"o":[[0,0],[62,85],[0,0],[-32,-43],[0,1]],"v":[[-320,-386],[-274,-184],[-98,-52],[-241,-158],[-292,-382]],"c":true},"ix":2},"nm":"Path 1","mn":"ADBE Vector Shape - Group","hd":false},{"ty":"fl","c":{"a":0,"k":[1,1,1,1],"ix":4},"o":{"a":0,"k":100,"ix":5},"r":1,"bm":0,"nm":"Fill 1","mn":"ADBE Vector Graphic - Fill","hd":false},{"ty":"tr","p":{"a":0,"k":[0,0],"ix":2},"a":{"a":0,"k":[0,0],"ix":1},"s":{"a":0,"k":[100,100],"ix":3},"r":{"a":0,"k":0,"ix":6},"o":{"a":0,"k":100,"ix":7},"sk":{"a":0,"k":0,"ix":4},"sa":{"a":0,"k":0,"ix":5},"nm":"Transform"}],"nm":"Shape 1","np":3,"cix":2,"bm":0,"ix":1,"mn":"ADBE Vector Group","hd":false}],"ip":0,"op":300.3003003003,"st":0,"bm":0},{"ddd":0,"ind":9,"ty":4,"nm":"Shape Layer 12","sr":1,"ks":{"o":{"a":0,"k":100,"ix":11},"r":{"a":0,"k":0,"ix":10},"p":{"a":0,"k":[741.75,345.719,0],"ix":2},"a":{"a":0,"k":[-8.25,-403.531,0],"ix":1},"s":{"a":0,"k":[100,100,100],"ix":6}},"ao":0,"shapes":[{"ty":"gr","it":[{"ind":0,"ty":"sh","ix":1,"ks":{"a":0,"k":{"i":[[206,2.5],[0,0],[0,-0.5],[-97.511,-0.309],[0,0],[0,0]],"o":[[-202.5,-1.5],[0,0],[119,-12],[158,0.5],[0,0],[0,0]],"v":[[-4.5,-417],[-329,-397.5],[-328.5,-392.5],[-3.5,-411.5],[313,-389.5],[319.5,-393.5]],"c":true},"ix":2},"nm":"Path 1","mn":"ADBE Vector Shape - Group","hd":false},{"ty":"gf","o":{"a":0,"k":100,"ix":10},"r":1,"bm":0,"g":{"p":7,"k":{"a":0,"k":[0,0.228,0.09,0.033,0.035,0.318,0.15,0.08,0.645,0.408,0.209,0.127,0.725,0.277,0.133,0.073,0.912,0.146,0.056,0.019,0.963,0.384,0.186,0.105,1,0.621,0.317,0.191],"ix":9}},"s":{"a":0,"k":[-348.309,-361.656],"ix":5},"e":{"a":0,"k":[339.484,-362.258],"ix":6},"t":1,"nm":"Gradient Fill 1","mn":"ADBE Vector Graphic - G-Fill","hd":false},{"ty":"tr","p":{"a":0,"k":[0,0],"ix":2},"a":{"a":0,"k":[0,0],"ix":1},"s":{"a":0,"k":[100,100],"ix":3},"r":{"a":0,"k":0,"ix":6},"o":{"a":0,"k":100,"ix":7},"sk":{"a":0,"k":0,"ix":4},"sa":{"a":0,"k":0,"ix":5},"nm":"Transform"}],"nm":"Shape 1","np":3,"cix":2,"bm":0,"ix":1,"mn":"ADBE Vector Group","hd":false}],"ip":0,"op":300.3003003003,"st":0,"bm":0},{"ddd":0,"ind":10,"ty":4,"nm":"Shape Layer 10","sr":1,"ks":{"o":{"a":0,"k":100,"ix":11},"r":{"a":0,"k":0,"ix":10},"p":{"a":0,"k":[750,752.5,0],"ix":2},"a":{"a":0,"k":[0,0,0],"ix":1},"s":{"a":0,"k":[100,100,100],"ix":6}},"ao":0,"shapes":[{"ty":"gr","it":[{"ind":0,"ty":"sh","ix":1,"ks":{"a":0,"k":{"i":[[229.491,2.224],[0,0],[0,0],[-245.5,1],[0,0],[0,0]],"o":[[-258,-2.5],[0,0],[0,0],[245.5,-1],[0,0],[0,0]],"v":[[-5.5,-534.5],[-357,-496.5],[-357,-490.5],[-22,-529],[344.5,-489.5],[344,-495.5]],"c":true},"ix":2},"nm":"Path 1","mn":"ADBE Vector Shape - Group","hd":false},{"ty":"gf","o":{"a":0,"k":100,"ix":10},"r":1,"bm":0,"g":{"p":7,"k":{"a":0,"k":[0,0.387,0.184,0.101,0.114,0.616,0.412,0.328,0.211,0.844,0.639,0.555,0.434,0.562,0.377,0.301,0.656,0.281,0.115,0.047,0.87,0.451,0.216,0.119,1,0.621,0.317,0.191],"ix":9}},"s":{"a":0,"k":[-382.148,-552.164],"ix":5},"e":{"a":0,"k":[388.078,-551.148],"ix":6},"t":1,"nm":"Gradient Fill 1","mn":"ADBE Vector Graphic - G-Fill","hd":false},{"ty":"tr","p":{"a":0,"k":[0,0],"ix":2},"a":{"a":0,"k":[0,0],"ix":1},"s":{"a":0,"k":[100,100],"ix":3},"r":{"a":0,"k":0,"ix":6},"o":{"a":0,"k":100,"ix":7},"sk":{"a":0,"k":0,"ix":4},"sa":{"a":0,"k":0,"ix":5},"nm":"Transform"}],"nm":"Shape 1","np":3,"cix":2,"bm":0,"ix":1,"mn":"ADBE Vector Group","hd":false}],"ip":0,"op":300.3003003003,"st":0,"bm":0},{"ddd":0,"ind":11,"ty":4,"nm":"Shape Layer 6","sr":1,"ks":{"o":{"a":0,"k":100,"ix":11},"r":{"a":0,"k":0,"ix":10},"p":{"a":0,"k":[747.286,1196.527,0],"ix":2},"a":{"a":0,"k":[-2.714,446.527,0],"ix":1},"s":{"a":0,"k":[100,100,100],"ix":6}},"ao":0,"shapes":[{"ty":"gr","it":[{"ind":0,"ty":"sh","ix":1,"ks":{"a":0,"k":{"i":[[0,0],[0,0],[152.563,-2.422],[0,0],[-0.254,0.7],[0,0],[-128.291,-12.875],[-47,1.5],[-47,5],[-4.5,1.5]],"o":[[0,0],[-20,4.5],[-157.5,2.5],[0,0],[-7.504,-0.3],[0,0],[139.5,14],[47,-1.5],[43.327,-4.609],[4.5,-1.5]],"v":[[321,429],[320,435.5],[8.5,457],[-333.75,433],[-333.996,430.05],[-348.25,433.75],[-210.5,454],[44.5,464],[272,450.5],[340,436]],"c":true},"ix":2},"nm":"Path 1","mn":"ADBE Vector Shape - Group","hd":false},{"ty":"gf","o":{"a":0,"k":100,"ix":10},"r":1,"bm":0,"g":{"p":7,"k":{"a":0,"k":[0,0.586,0.4,0.321,0.153,0.791,0.572,0.48,0.303,0.996,0.745,0.639,0.486,0.638,0.453,0.371,0.689,0.28,0.162,0.102,0.844,0.433,0.271,0.19,1,0.585,0.38,0.277],"ix":9}},"s":{"a":0,"k":[-350.035,400.756],"ix":5},"e":{"a":0,"k":[340.643,407.334],"ix":6},"t":1,"nm":"Gradient Fill 1","mn":"ADBE Vector Graphic - G-Fill","hd":false},{"ty":"tr","p":{"a":0,"k":[0,0],"ix":2},"a":{"a":0,"k":[0,0],"ix":1},"s":{"a":0,"k":[100,100],"ix":3},"r":{"a":0,"k":0,"ix":6},"o":{"a":0,"k":100,"ix":7},"sk":{"a":0,"k":0,"ix":4},"sa":{"a":0,"k":0,"ix":5},"nm":"Transform"}],"nm":"Shape 1","np":3,"cix":2,"bm":0,"ix":1,"mn":"ADBE Vector Group","hd":false}],"ip":0,"op":300.3003003003,"st":0,"bm":0},{"ddd":0,"ind":12,"ty":4,"nm":"Shape Layer 7","sr":1,"ks":{"o":{"a":0,"k":100,"ix":11},"r":{"a":0,"k":0,"ix":10},"p":{"a":0,"k":[743.25,1141.768,0],"ix":2},"a":{"a":0,"k":[-6.75,391.768,0],"ix":1},"s":{"a":0,"k":[100,100,100],"ix":6}},"ao":0,"shapes":[{"ty":"gr","it":[{"ind":0,"ty":"sh","ix":1,"ks":{"a":0,"k":{"i":[[10.5,1.5],[0,0],[-153,-1],[0,0],[19,0.5],[168.5,3.5]],"o":[[-10.5,-1.5],[0,0],[153,1],[0,0],[-19,-0.5],[-168.5,-3.5]],"v":[[-314.5,381.25],[-333.5,384],[-26.5,405],[320,386],[299.5,382],[-26,398.5]],"c":true},"ix":2},"nm":"Path 1","mn":"ADBE Vector Shape - Group","hd":false},{"ty":"gf","o":{"a":0,"k":100,"ix":10},"r":1,"bm":0,"g":{"p":7,"k":{"a":0,"k":[0,0.586,0.4,0.321,0.153,0.791,0.572,0.48,0.303,0.996,0.745,0.639,0.486,0.638,0.453,0.371,0.689,0.28,0.162,0.102,0.844,0.433,0.271,0.19,1,0.585,0.38,0.277],"ix":9}},"s":{"a":0,"k":[-332.984,348.695],"ix":5},"e":{"a":0,"k":[317.941,362.121],"ix":6},"t":1,"nm":"Gradient Fill 1","mn":"ADBE Vector Graphic - G-Fill","hd":false},{"ty":"tr","p":{"a":0,"k":[0,0],"ix":2},"a":{"a":0,"k":[0,0],"ix":1},"s":{"a":0,"k":[100,100],"ix":3},"r":{"a":0,"k":0,"ix":6},"o":{"a":0,"k":100,"ix":7},"sk":{"a":0,"k":0,"ix":4},"sa":{"a":0,"k":0,"ix":5},"nm":"Transform"}],"nm":"Shape 1","np":3,"cix":2,"bm":0,"ix":1,"mn":"ADBE Vector Group","hd":false}],"ip":0,"op":300.3003003003,"st":0,"bm":0},{"ddd":0,"ind":13,"ty":4,"nm":"Shape Layer 9","sr":1,"ks":{"o":{"a":0,"k":100,"ix":11},"r":{"a":0,"k":0,"ix":10},"p":{"a":0,"k":[750,749.25,0],"ix":2},"a":{"a":0,"k":[0,0,0],"ix":1},"s":{"a":0,"k":[100,100.208,100],"ix":6}},"ao":0,"shapes":[{"ty":"gr","it":[{"ind":0,"ty":"sh","ix":1,"ks":{"a":0,"k":{"i":[[105.6,-7.148],[23,-5],[6,-3.5],[0,0],[0,0],[-102.25,10.5],[-113,-1.515],[0,0],[0,0],[0,3.5],[72.5,11.5]],"o":[[-106.75,7.226],[-11.93,2.594],[-6,3.5],[0,0],[0,0],[71.961,-7.39],[122.989,1.649],[0,0],[0,0],[0,-3.5],[-72.5,-11.5]],"v":[[-144.25,-475.75],[-323.25,-454],[-356.5,-443.5],[-336.5,-437.75],[-336.75,-443],[-219,-461.498],[55,-470.502],[320.5,-443],[320.5,-437.5],[344.5,-444],[216,-467.5]],"c":true},"ix":2},"nm":"Path 1","mn":"ADBE Vector Shape - Group","hd":false},{"ty":"gf","o":{"a":0,"k":100,"ix":10},"r":1,"bm":0,"g":{"p":9,"k":{"a":0,"k":[0,0.48,0.268,0.181,0.048,0.33,0.177,0.116,0.095,0.18,0.086,0.051,0.245,0.298,0.178,0.125,0.394,0.416,0.271,0.2,0.559,0.298,0.178,0.125,0.723,0.18,0.086,0.051,0.862,0.173,0.078,0.037,1,0.166,0.07,0.024],"ix":9}},"s":{"a":0,"k":[-355.125,-356.305],"ix":5},"e":{"a":0,"k":[342.633,-359.672],"ix":6},"t":1,"nm":"Gradient Fill 1","mn":"ADBE Vector Graphic - G-Fill","hd":false},{"ty":"tr","p":{"a":0,"k":[0,0],"ix":2},"a":{"a":0,"k":[0,0],"ix":1},"s":{"a":0,"k":[100,100],"ix":3},"r":{"a":0,"k":0,"ix":6},"o":{"a":0,"k":100,"ix":7},"sk":{"a":0,"k":0,"ix":4},"sa":{"a":0,"k":0,"ix":5},"nm":"Transform"}],"nm":"Shape 1","np":3,"cix":2,"bm":0,"ix":1,"mn":"ADBE Vector Group","hd":false}],"ip":0,"op":300.3003003003,"st":0,"bm":0},{"ddd":0,"ind":14,"ty":4,"nm":"sand Outlines","sr":1,"ks":{"o":{"a":0,"k":100,"ix":11},"r":{"a":0,"k":0,"ix":10},"p":{"a":0,"k":[321,122,0],"ix":2},"a":{"a":0,"k":[0,-2,0],"ix":1},"s":{"a":0,"k":[142.145,142.145,100],"ix":6}},"ao":0,"shapes":[{"ty":"gr","it":[{"ind":0,"ty":"sh","ix":1,"ks":{"a":0,"k":{"i":[[0,0],[0,0],[-233.512,0],[0,0],[0,0],[159.834,0],[30.893,-7.448]],"o":[[0,0],[0,0],[233.515,0],[0,0],[0,0],[-122.01,0],[-19.947,4.297]],"v":[[-247.006,30.096],[-247.006,-3.632],[-3.281,-30.096],[247.006,-2.595],[247.006,30.096],[-0.006,3.112],[-215.972,21.338]],"c":true},"ix":2},"nm":"Path 1","mn":"ADBE Vector Shape - Group","hd":false},{"ty":"gf","o":{"a":0,"k":100,"ix":10},"r":1,"bm":0,"g":{"p":9,"k":{"a":0,"k":[0.066,0.358,0.188,0.117,0.144,0.579,0.334,0.234,0.211,0.799,0.481,0.35,0.325,0.636,0.355,0.24,0.438,0.473,0.23,0.129,0.594,0.285,0.135,0.074,0.749,0.098,0.041,0.018,0.905,0.36,0.179,0.105,1,0.621,0.317,0.191],"ix":9}},"s":{"a":0,"k":[-248.572,-46.377],"ix":5},"e":{"a":0,"k":[247.305,-49.476],"ix":6},"t":1,"nm":"Gradient Fill 1","mn":"ADBE Vector Graphic - G-Fill","hd":false},{"ty":"tr","p":{"a":0,"k":[297.124,97.941],"ix":2},"a":{"a":0,"k":[0,0],"ix":1},"s":{"a":0,"k":[100,100],"ix":3},"r":{"a":0,"k":0,"ix":6},"o":{"a":0,"k":100,"ix":7},"sk":{"a":0,"k":0,"ix":4},"sa":{"a":0,"k":0,"ix":5},"nm":"Transform"}],"nm":"Group 5","np":3,"cix":2,"bm":0,"ix":1,"mn":"ADBE Vector Group","hd":false}],"ip":0,"op":300.3003003003,"st":0,"bm":0},{"ddd":0,"ind":15,"ty":4,"nm":"Shape Layer 11","sr":1,"ks":{"o":{"a":0,"k":100,"ix":11},"r":{"a":0,"k":0,"ix":10},"p":{"a":0,"k":[750,750,0],"ix":2},"a":{"a":0,"k":[0,0,0],"ix":1},"s":{"a":0,"k":[100,100,100],"ix":6}},"ao":0,"shapes":[{"ty":"gr","it":[{"ind":0,"ty":"sh","ix":1,"ks":{"a":0,"k":{"i":[[209.5,9.5],[0,0],[0,0],[0,0],[-1.992,0.324],[0.094,0.046],[-185.087,-1.943],[-28.529,-4.26],[-0.125,-0.001],[0,0],[0,0]],"o":[[-209.5,-9.5],[0,0],[0,0],[0,0],[0.375,0.003],[30.853,-4.724],[164.007,1.722],[0.237,-0.165],[1.923,0.299],[0,0],[0,0]],"v":[[6,-489],[-337.25,-457.25],[-336.705,-435.502],[-336.625,-397],[-327.75,-392.128],[-327.344,-398.171],[6.5,-416.5],[313.013,-395.085],[313.125,-389.499],[320,-394],[322.5,-459]],"c":true},"ix":2},"nm":"Path 1","mn":"ADBE Vector Shape - Group","hd":false},{"ty":"gf","o":{"a":0,"k":100,"ix":10},"r":1,"bm":0,"g":{"p":13,"k":{"a":0,"k":[0.01,0.387,0.184,0.101,0.057,0.614,0.388,0.294,0.167,0.842,0.591,0.488,0.263,0.842,0.591,0.488,0.303,0.842,0.591,0.488,0.435,0.541,0.336,0.252,0.567,0.241,0.082,0.016,0.662,0.181,0.061,0.012,0.736,0.121,0.041,0.008,0.81,0.186,0.061,0.009,0.883,0.25,0.08,0.01,0.942,0.436,0.198,0.101,1,0.621,0.317,0.191],"ix":9}},"s":{"a":0,"k":[-338.859,-521.125],"ix":5},"e":{"a":0,"k":[321.562,-513.949],"ix":6},"t":1,"nm":"Gradient Fill 1","mn":"ADBE Vector Graphic - G-Fill","hd":false},{"ty":"tr","p":{"a":0,"k":[0,0],"ix":2},"a":{"a":0,"k":[0,0],"ix":1},"s":{"a":0,"k":[100,100],"ix":3},"r":{"a":0,"k":0,"ix":6},"o":{"a":0,"k":100,"ix":7},"sk":{"a":0,"k":0,"ix":4},"sa":{"a":0,"k":0,"ix":5},"nm":"Transform"}],"nm":"Shape 1","np":3,"cix":2,"bm":0,"ix":1,"mn":"ADBE Vector Group","hd":false}],"ip":0,"op":300.3003003003,"st":0,"bm":0},{"ddd":0,"ind":16,"ty":4,"nm":"유리","sr":1,"ks":{"o":{"a":0,"k":40,"ix":11},"r":{"a":0,"k":0,"ix":10},"p":{"a":0,"k":[322,122,0],"ix":2},"a":{"a":0,"k":[0,0,0],"ix":1},"s":{"a":0,"k":[142.145,142.145,100],"ix":6}},"ao":0,"shapes":[{"ty":"gr","it":[{"ind":0,"ty":"sh","ix":1,"ks":{"a":0,"k":{"i":[[255.564,-28.021],[-65.383,-58.12],[0,-17.643],[11.417,-78.349],[0,0],[-184.961,23.874],[11.421,78.36],[0,17.642],[-65.384,58.119],[0,0]],"o":[[0,0],[65.384,58.119],[0,17.642],[-11.417,78.36],[0,0],[0,0],[-11.42,-78.349],[0,-17.643],[65.383,-58.12],[0,0]],"v":[[-224.447,-273.728],[-175.148,-98.852],[-41.268,-0.777],[-218.737,163.198],[-214.587,277.874],[214.589,277.874],[218.736,163.198],[41.267,-0.777],[175.148,-98.852],[224.447,-273.728]],"c":true},"ix":2},"nm":"Path 1","mn":"ADBE Vector Shape - Group","hd":false},{"ty":"tr","p":{"a":0,"k":[295.84,434.456],"ix":2},"a":{"a":0,"k":[0,0],"ix":1},"s":{"a":0,"k":[100,100],"ix":3},"r":{"a":0,"k":0,"ix":6},"o":{"a":0,"k":100,"ix":7},"sk":{"a":0,"k":0,"ix":4},"sa":{"a":0,"k":0,"ix":5},"nm":"Transform"}],"nm":"Group 4","np":2,"cix":2,"bm":0,"ix":1,"mn":"ADBE Vector Group","hd":false},{"ty":"fl","c":{"a":0,"k":[0.85162377451,0.85162377451,0.85162377451,1],"ix":4},"o":{"a":0,"k":100,"ix":5},"r":1,"bm":0,"nm":"Fill 1","mn":"ADBE Vector Graphic - Fill","hd":false}],"ip":0,"op":300.3003003003,"st":0,"bm":0},{"ddd":0,"ind":17,"ty":4,"nm":"drop","sr":1,"ks":{"o":{"a":0,"k":100,"ix":11},"r":{"a":0,"k":0,"ix":10},"p":{"a":0,"k":[740.403,1093.18,0],"ix":2},"a":{"a":0,"k":[-10,96,0],"ix":1},"s":{"a":0,"k":[100,100,100],"ix":6}},"ao":0,"shapes":[{"ty":"gr","it":[{"ind":0,"ty":"sh","ix":1,"ks":{"a":0,"k":{"i":[[0,0]],"o":[[0,0]],"v":[[-6.403,-319.18]],"c":false},"ix":2},"nm":"Path 1","mn":"ADBE Vector Shape - Group","hd":false},{"ty":"st","c":{"a":0,"k":[0.270588235294,0.172549019608,0.054901960784,1],"ix":3},"o":{"a":0,"k":100,"ix":4},"w":{"a":0,"k":46,"ix":5},"lc":1,"lj":1,"ml":4,"bm":0,"nm":"Stroke 1","mn":"ADBE Vector Graphic - Stroke","hd":false},{"ty":"tr","p":{"a":0,"k":[0,0],"ix":2},"a":{"a":0,"k":[0,0],"ix":1},"s":{"a":0,"k":[100,100],"ix":3},"r":{"a":0,"k":0,"ix":6},"o":{"a":0,"k":100,"ix":7},"sk":{"a":0,"k":0,"ix":4},"sa":{"a":0,"k":0,"ix":5},"nm":"Transform"}],"nm":"Shape 2","np":3,"cix":2,"bm":0,"ix":1,"mn":"ADBE Vector Group","hd":false},{"ty":"gr","it":[{"ind":0,"ty":"sh","ix":1,"ks":{"a":0,"k":{"i":[[0,0],[0,0]],"o":[[0,0],[0,0]],"v":[[-14.365,-146.597],[-10.935,571.578]],"c":false},"ix":2},"nm":"Path 1","mn":"ADBE Vector Shape - Group","hd":false},{"ty":"tm","s":{"a":1,"k":[{"i":{"x":[0.575],"y":[0.574]},"o":{"x":[0.021],"y":[0.019]},"t":0,"s":[0]},{"t":96.0960960960961,"s":[100]}],"ix":1},"e":{"a":1,"k":[{"i":{"x":[0.833],"y":[0.613]},"o":{"x":[0.415],"y":[0.257]},"t":0,"s":[0]},{"t":40.04004004004,"s":[100]}],"ix":2},"o":{"a":0,"k":0,"ix":3},"m":1,"ix":2,"nm":"Trim Paths 1","mn":"ADBE Vector Filter - Trim","hd":false},{"ty":"st","c":{"a":0,"k":[0.270588235294,0.172549019608,0.054901960784,1],"ix":3},"o":{"a":0,"k":100,"ix":4},"w":{"a":0,"k":46,"ix":5},"lc":2,"lj":1,"ml":4,"bm":0,"nm":"Stroke 1","mn":"ADBE Vector Graphic - Stroke","hd":false},{"ty":"tr","p":{"a":0,"k":[2.656,-377.938],"ix":2},"a":{"a":0,"k":[0,0],"ix":1},"s":{"a":0,"k":[80.193,84.235],"ix":3},"r":{"a":0,"k":-0.032,"ix":6},"o":{"a":0,"k":100,"ix":7},"sk":{"a":0,"k":0,"ix":4},"sa":{"a":0,"k":0,"ix":5},"nm":"Transform"}],"nm":"Shape 1","np":3,"cix":2,"bm":0,"ix":2,"mn":"ADBE Vector Group","hd":false}],"ip":0,"op":300.3003003003,"st":0,"bm":0},{"ddd":0,"ind":18,"ty":4,"nm":"모래 4","parent":16,"td":1,"sr":1,"ks":{"o":{"a":0,"k":100,"ix":11},"r":{"a":0,"k":-180.141,"ix":10},"p":{"a":0,"k":[301.102,441.803,0],"ix":2},"a":{"a":0,"k":[0,0,0],"ix":1},"s":{"a":0,"k":[70.351,70.351,100],"ix":6}},"ao":0,"shapes":[{"ty":"gr","it":[{"ind":0,"ty":"sh","ix":1,"ks":{"a":0,"k":{"i":[[136,0],[4,-2],[-40,-40],[-37.879,-26.176],[-26,0],[-14.5,13.75],[-47.833,57.354],[0,2]],"o":[[-136,0],[-37.586,153.135],[40,40],[22,15],[26,0],[28,-26.552],[71.082,-85.231],[0,-2]],"v":[[-7.907,-390.005],[-281.862,-377.921],[-232,-136.03],[-70.015,-22.03],[7.456,15.279],[63.711,-8.951],[264.068,-152.823],[306.108,-372]],"c":true},"ix":2},"nm":"Path 1","mn":"ADBE Vector Shape - Group","hd":false},{"ty":"fl","c":{"a":0,"k":[0.269776348039,0.170790593764,0.05621993121,1],"ix":4},"o":{"a":0,"k":100,"ix":5},"r":1,"bm":0,"nm":"Fill 1","mn":"ADBE Vector Graphic - Fill","hd":false},{"ty":"tr","p":{"a":0,"k":[0,0],"ix":2},"a":{"a":0,"k":[0,0],"ix":1},"s":{"a":0,"k":[100,100],"ix":3},"r":{"a":0,"k":0,"ix":6},"o":{"a":0,"k":100,"ix":7},"sk":{"a":0,"k":0,"ix":4},"sa":{"a":0,"k":0,"ix":5},"nm":"Transform"}],"nm":"Shape 1","np":3,"cix":2,"bm":0,"ix":1,"mn":"ADBE Vector Group","hd":false}],"ip":0,"op":300.3003003003,"st":0,"bm":0},{"ddd":0,"ind":19,"ty":4,"nm":"모래 3","parent":16,"tt":1,"sr":1,"ks":{"o":{"a":0,"k":100,"ix":11},"r":{"a":0,"k":-180.141,"ix":10},"p":{"a":1,"k":[{"i":{"x":0.833,"y":0.833},"o":{"x":0.167,"y":0.167},"t":37.037,"s":[301.507,723.472,0],"to":[-0.469,-26.264,0],"ti":[0.469,26.264,0]},{"t":81.0810810810811,"s":[298.693,565.886,0]}],"ix":2},"a":{"a":0,"k":[0,0,0],"ix":1},"s":{"a":0,"k":[70.351,70.351,100],"ix":6}},"ao":0,"shapes":[{"ty":"gr","it":[{"ind":0,"ty":"sh","ix":1,"ks":{"a":1,"k":[{"i":{"x":0.833,"y":0.833},"o":{"x":0.167,"y":0.167},"t":54.054,"s":[{"i":[[136,0],[0,0],[4,-2],[-33.768,-38.025],[-6.281,-6.281],[-39.327,-25.017],[-12.398,-8.568],[-26,0],[-14.5,13.75],[-17.764,10.125],[-2.746,1.694],[-34.643,31.365],[-8.285,9.934],[0,2]],"o":[[0,0],[-136,0],[-31.684,129.087],[6.291,7.084],[26.908,26.908],[19.135,12.172],[22,15],[26,0],[7.246,-6.871],[2.688,-1.532],[37.095,-22.881],[11.345,-10.272],[71.082,-85.231],[0,-2]],"v":[[-7.907,-390.005],[-7.907,-390.005],[-281.862,-377.921],[-251.037,-155.892],[-232,-136.03],[-118.898,-53.656],[-73.022,-19.037],[7.456,15.279],[67.708,-7.941],[108.685,-31.776],[116.848,-36.609],[234.278,-122.36],[264.068,-152.823],[306.108,-372]],"c":true}]},{"i":{"x":0.833,"y":0.833},"o":{"x":0.167,"y":0.167},"t":59.059,"s":[{"i":[[136,0],[0,0],[4,-2],[-31.304,-41.589],[-6.281,-6.281],[-39.327,-25.017],[-12.398,-8.568],[-26,0],[-14.5,13.75],[-16.575,10.525],[-2.746,1.694],[-34.643,31.365],[-8.285,9.934],[0,2]],"o":[[0,0],[-136,0],[-31.684,129.087],[5.832,7.748],[26.908,26.908],[19.135,12.172],[22,15],[26,0],[7.245,-6.871],[2.508,-1.592],[37.095,-22.881],[11.346,-10.272],[71.082,-85.231],[0,-2]],"v":[[-7.907,-390.005],[-7.907,-390.005],[-281.862,-377.921],[-261.345,-140.977],[-243.039,-120.057],[-124.903,-51.671],[-73.022,-19.037],[7.456,15.279],[73.703,-5.926],[108.968,-31.681],[116.848,-36.609],[246.256,-113.331],[279.056,-147.786],[306.108,-372]],"c":true}]},{"i":{"x":0.833,"y":0.833},"o":{"x":0.167,"y":0.167},"t":64.064,"s":[{"i":[[136,0],[0,0],[4,-2],[-27.735,-40.809],[-9.386,-9.386],[-39.328,-25.017],[-12.398,-8.568],[-26,0],[-14.5,13.75],[-16.575,10.525],[-2.746,1.694],[-34.275,30.521],[-8.967,10.751],[0,2]],"o":[[0,0],[-136,0],[-28.766,117.201],[8.504,12.512],[26.908,26.908],[19.135,12.172],[22,15],[26,0],[7.246,-6.871],[2.508,-1.592],[36.095,-22.265],[12.485,-11.118],[71.082,-85.231],[0,-2]],"v":[[-7.907,-390.005],[-7.907,-390.005],[-281.862,-377.921],[-287.413,-144.47],[-244.042,-119.059],[-136.903,-51.7],[-73.022,-19.037],[7.456,15.279],[73.703,-5.926],[108.968,-31.681],[116.848,-36.609],[259.436,-112.755],[310.041,-141.71],[306.108,-372]],"c":true}]},{"i":{"x":0.833,"y":0.833},"o":{"x":0.167,"y":0.167},"t":68.068,"s":[{"i":[[136,0],[0,0],[4,-2],[-27.735,-40.809],[-9.386,-9.386],[-39.327,-25.017],[-12.398,-8.568],[-26,0],[-22.35,11.515],[-23.707,13.569],[-2.746,1.694],[-34.275,30.521],[-8.967,10.751],[0,2]],"o":[[0,0],[-136,0],[-28.766,117.201],[8.504,12.512],[26.908,26.908],[19.135,12.172],[22,15],[26,0],[8.876,-4.573],[3.587,-2.053],[36.095,-22.265],[12.485,-11.118],[71.082,-85.231],[0,-2]],"v":[[-7.907,-390.005],[-7.907,-390.005],[-281.862,-377.921],[-290.104,-134.477],[-252.723,-113.081],[-159.235,-52.089],[-89.034,-14.409],[6.768,23.945],[84.698,-3.899],[155.964,-41.832],[165.542,-47.49],[259.436,-112.755],[310.041,-141.71],[306.108,-372]],"c":true}]},{"i":{"x":0.833,"y":0.833},"o":{"x":0.167,"y":0.167},"t":72.072,"s":[{"i":[[136,0],[0,0],[4,-2],[-27.735,-40.809],[-9.386,-9.386],[-39.328,-25.017],[-12.398,-8.568],[-26,0],[-22.35,11.515],[-23.905,13.37],[-2.746,1.694],[-34.275,30.521],[-8.967,10.751],[0,2]],"o":[[0,0],[-136,0],[-28.766,117.201],[8.504,12.512],[26.908,26.908],[19.135,12.172],[22,15],[26,0],[8.876,-4.573],[3.617,-2.023],[36.095,-22.265],[12.485,-11.118],[71.082,-85.231],[0,-2]],"v":[[-7.907,-390.005],[-7.907,-390.005],[-281.862,-377.921],[-293.121,-127.484],[-261.765,-96.103],[-173.26,-42.123],[-95.053,-6.424],[8.738,35.949],[93.684,2.123],[165.9,-34.855],[175.524,-40.466],[279.392,-94.706],[322,-124.68],[306.108,-372]],"c":true}]},{"t":81.0810810810811,"s":[{"i":[[136,0],[0,0],[4,-2],[-27.735,-40.809],[-9.882,-8.862],[-22.579,-8.861],[-12.398,-8.568],[-26,0],[-22.35,11.515],[-23.979,13.341],[-2.963,1.828],[-47.178,22.775],[-8.967,10.751],[0,2]],"o":[[0,0],[-136,0],[-28.766,117.201],[8.504,12.512],[10.015,8.981],[21.111,8.285],[22,15],[26,0],[8.771,-4.519],[3.961,-2.204],[36.095,-22.265],[15.055,-7.268],[71.082,-85.231],[0,-2]],"v":[[-7.907,-390.005],[-7.907,-390.005],[-281.862,-377.921],[-315.225,-85.538],[-246.853,-60.066],[-179.292,-29.138],[-103.07,0.556],[8.726,40.949],[111.657,13.167],[181.006,-21.335],[234.522,-39.32],[325.331,-69.593],[348.948,-103.614],[306.108,-372]],"c":true}]}],"ix":2},"nm":"Path 1","mn":"ADBE Vector Shape - Group","hd":false},{"ty":"fl","c":{"a":0,"k":[0.269776348039,0.170790593764,0.05621993121,1],"ix":4},"o":{"a":0,"k":100,"ix":5},"r":1,"bm":0,"nm":"Fill 1","mn":"ADBE Vector Graphic - Fill","hd":false},{"ty":"tr","p":{"a":0,"k":[-8.446,-6.142],"ix":2},"a":{"a":0,"k":[0,0],"ix":1},"s":{"a":0,"k":[100,100],"ix":3},"r":{"a":0,"k":0,"ix":6},"o":{"a":0,"k":100,"ix":7},"sk":{"a":0,"k":0,"ix":4},"sa":{"a":0,"k":0,"ix":5},"nm":"Transform"}],"nm":"Shape 1","np":3,"cix":2,"bm":0,"ix":1,"mn":"ADBE Vector Group","hd":false}],"ip":0,"op":300.3003003003,"st":0,"bm":0},{"ddd":0,"ind":20,"ty":4,"nm":"모래 2","parent":16,"td":1,"sr":1,"ks":{"o":{"a":0,"k":100,"ix":11},"r":{"a":0,"k":0,"ix":10},"p":{"a":0,"k":[301.102,441.803,0],"ix":2},"a":{"a":0,"k":[0,0,0],"ix":1},"s":{"a":0,"k":[70.351,70.351,100],"ix":6}},"ao":0,"shapes":[{"ty":"gr","it":[{"ind":0,"ty":"sh","ix":1,"ks":{"a":0,"k":{"i":[[136,0],[4,-2],[-40,-40],[-37.879,-26.176],[-26,0],[-14.5,13.75],[-69.318,43.508],[0,2]],"o":[[-136,0],[-2,68],[40,40],[22,15],[26,0],[28,-26.552],[94,-59],[0,-2]],"v":[[-6,-352],[-314,-322],[-220,-136],[-58,-28],[-4.5,-2.75],[43.75,-25],[192,-125],[306,-328]],"c":true},"ix":2},"nm":"Path 1","mn":"ADBE Vector Shape - Group","hd":false},{"ty":"fl","c":{"a":0,"k":[0.269776348039,0.170790593764,0.05621993121,1],"ix":4},"o":{"a":0,"k":100,"ix":5},"r":1,"bm":0,"nm":"Fill 1","mn":"ADBE Vector Graphic - Fill","hd":false},{"ty":"tr","p":{"a":0,"k":[0,0],"ix":2},"a":{"a":0,"k":[0,0],"ix":1},"s":{"a":0,"k":[100,100],"ix":3},"r":{"a":0,"k":0,"ix":6},"o":{"a":0,"k":100,"ix":7},"sk":{"a":0,"k":0,"ix":4},"sa":{"a":0,"k":0,"ix":5},"nm":"Transform"}],"nm":"Shape 1","np":3,"cix":2,"bm":0,"ix":1,"mn":"ADBE Vector Group","hd":false}],"ip":0,"op":300.3003003003,"st":0,"bm":0},{"ddd":0,"ind":21,"ty":4,"nm":"모래","tt":1,"sr":1,"ks":{"o":{"a":0,"k":100,"ix":11},"r":{"a":0,"k":0,"ix":10},"p":{"a":1,"k":[{"i":{"x":0.833,"y":0.833},"o":{"x":0.167,"y":0.167},"t":0,"s":[750,750,0],"to":[47.667,70.333,0],"ti":[-47.667,-70.333,0]},{"t":72.0720720720721,"s":[1036,1172,0]}],"ix":2},"a":{"a":0,"k":[0,0,0],"ix":1},"s":{"a":0,"k":[100,100,100],"ix":6}},"ao":0,"shapes":[{"ty":"gr","it":[{"ind":0,"ty":"sh","ix":1,"ks":{"a":1,"k":[{"i":{"x":0.833,"y":0.833},"o":{"x":0.167,"y":0.167},"t":0,"s":[{"i":[[0,0],[0,0],[0,0],[0,0],[-27.609,-27.608],[-38,-26],[-26,0],[0,0],[-6.954,11.474],[-69.318,43.508],[0,0],[0,0]],"o":[[0,0],[0,0],[0,0],[0,0],[40,40],[38,26],[26,0],[0,0],[20,-33],[94,-59],[0,0],[0,0]],"v":[[79,-262],[-158.287,-299.904],[-311,-267],[-435.989,-252.778],[-220,-136],[-58,-28],[-8,46],[18,18],[34,-18],[192,-125],[329,-255],[227.231,-298.572]],"c":true}]},{"i":{"x":0.833,"y":0.833},"o":{"x":0.167,"y":0.167},"t":22.022,"s":[{"i":[[0,0],[0,0],[0,0],[0,0],[-27.609,-27.608],[-38,-26],[-26,0],[0,0],[-6.954,11.474],[-69.318,43.508],[0,0],[0,0]],"o":[[0,0],[0,0],[0,0],[0,0],[40,40],[38,26],[26,0],[0,0],[20,-33],[94,-59],[0,0],[0,0]],"v":[[115.445,-414.815],[-155.694,-280.719],[-337.667,-354.185],[-435.989,-252.778],[-220,-136],[-58,-28],[-8,46],[18,18],[34,-18],[192,-125],[376.407,-373.519],[298.416,-365.461]],"c":true}]},{"i":{"x":0.833,"y":0.833},"o":{"x":0.167,"y":0.167},"t":31.031,"s":[{"i":[[0,0],[0,0],[0,0],[0,0],[-27.609,-27.608],[-38,-26],[-26,0],[0,0],[-6.954,11.474],[-69.318,43.508],[0,0],[0,0]],"o":[[0,0],[0,0],[0,0],[0,0],[40,40],[38,26],[26,0],[0,0],[20,-33],[94,-59],[0,0],[0,0]],"v":[[50.345,-381.348],[-158.661,-276.752],[-340.967,-332.952],[-465.689,-303.178],[-220,-136],[-58,-28],[-8,46],[18,18],[34,-18],[192,-125],[367.074,-414.185],[171.483,-399.161]],"c":true}]},{"t":42.042042042042,"s":[{"i":[[0,0],[0,0],[0,0],[0,0],[-27.609,-27.608],[-38,-26],[-26,0],[0,0],[-6.954,11.474],[-69.318,43.508],[0,0],[0,0]],"o":[[0,0],[0,0],[0,0],[0,0],[40,40],[38,26],[26,0],[0,0],[20,-33],[94,-59],[0,0],[0,0]],"v":[[73,-376],[-162.287,-271.904],[-345,-307],[-501.989,-364.778],[-220,-136],[-58,-28],[-8,46],[18,18],[34,-18],[192,-125],[329,-255],[185.231,-302.572]],"c":true}]}],"ix":2},"nm":"Path 1","mn":"ADBE Vector Shape - Group","hd":false},{"ty":"rd","nm":"Round Corners 1","r":{"a":0,"k":40,"ix":1},"ix":2,"mn":"ADBE Vector Filter - RC","hd":false},{"ty":"fl","c":{"a":0,"k":[0.269776348039,0.170790593764,0.05621993121,1],"ix":4},"o":{"a":0,"k":100,"ix":5},"r":1,"bm":0,"nm":"Fill 1","mn":"ADBE Vector Graphic - Fill","hd":false},{"ty":"tr","p":{"a":0,"k":[0.797,0.867],"ix":2},"a":{"a":0,"k":[0,0],"ix":1},"s":{"a":0,"k":[100,100],"ix":3},"r":{"a":0,"k":0,"ix":6},"o":{"a":0,"k":100,"ix":7},"sk":{"a":0,"k":0,"ix":4},"sa":{"a":0,"k":0,"ix":5},"nm":"Transform"}],"nm":"Shape 1","np":4,"cix":2,"bm":0,"ix":1,"mn":"ADBE Vector Group","hd":false}],"ip":0,"op":300.3003003003,"st":0,"bm":0},{"ddd":0,"ind":22,"ty":4,"nm":"Shape Layer 1","sr":1,"ks":{"o":{"a":0,"k":100,"ix":11},"r":{"a":0,"k":0,"ix":10},"p":{"a":0,"k":[322,122,0],"ix":2},"a":{"a":0,"k":[0,0,0],"ix":1},"s":{"a":0,"k":[142.145,142.145,100],"ix":6}},"ao":0,"shapes":[{"ty":"gr","it":[{"ind":0,"ty":"sh","ix":1,"ks":{"a":0,"k":{"i":[[7.072,3.016],[0.173,-23.363],[-3.09,-0.778],[-46.702,-6.737],[-101.703,-0.82],[-21.506,11.877],[-0.012,5.899],[7.188,0.45],[127.653,-1.557]],"o":[[0,0],[-0.109,14.789],[3.089,0.779],[46.702,6.75],[101.159,0.816],[6.423,-3.547],[0.031,-14.011],[0,0],[-127.653,1.557]],"v":[[-234.561,-26.635],[-246.316,-8.878],[-241.531,11.218],[-185.341,22.901],[-1.742,34.704],[240.168,9.924],[246.394,-9.268],[235.886,-24.847],[-14.099,-11.821]],"c":true},"ix":2},"nm":"Path 1","mn":"ADBE Vector Shape - Group","hd":false},{"ty":"gf","o":{"a":0,"k":100,"ix":10},"r":1,"bm":0,"g":{"p":7,"k":{"a":0,"k":[0.072,0.6,0.333,0.224,0.131,0.798,0.539,0.431,0.19,0.996,0.745,0.639,0.351,0.586,0.414,0.343,0.652,0.176,0.082,0.047,0.889,0.325,0.2,0.143,1,0.475,0.318,0.239],"ix":9}},"s":{"a":0,"k":[-246.016,-7.101],"ix":5},"e":{"a":0,"k":[245.955,-4.317],"ix":6},"t":1,"nm":"Gradient Fill 1","mn":"ADBE Vector Graphic - G-Fill","hd":false},{"ty":"tr","p":{"a":0,"k":[298.769,772.46],"ix":2},"a":{"a":0,"k":[0,0],"ix":1},"s":{"a":0,"k":[100,100],"ix":3},"r":{"a":0,"k":0,"ix":6},"o":{"a":0,"k":100,"ix":7},"sk":{"a":0,"k":0,"ix":4},"sa":{"a":0,"k":0,"ix":5},"nm":"Transform"}],"nm":"Group 1","np":3,"cix":2,"bm":0,"ix":1,"mn":"ADBE Vector Group","hd":false}],"ip":0,"op":300.3003003003,"st":0,"bm":0},{"ddd":0,"ind":23,"ty":4,"nm":"Shape Layer 13","sr":1,"ks":{"o":{"a":0,"k":100,"ix":11},"r":{"a":0,"k":0,"ix":10},"p":{"a":0,"k":[750,750,0],"ix":2},"a":{"a":0,"k":[0,0,0],"ix":1},"s":{"a":0,"k":[100,100,100],"ix":6}},"ao":0,"shapes":[{"ty":"gr","it":[{"ind":0,"ty":"sh","ix":1,"ks":{"a":0,"k":{"i":[[297,2],[0,0],[-47.625,-5.443],[-130.604,-0.863],[-39.953,2.036],[0,0]],"o":[[-297,-2],[0,0],[51.014,5.83],[118,0.78],[53.961,-2.75],[0,0]],"v":[[5,-422],[-328,-394],[-278.014,-382.028],[8,-371.962],[250.953,-378.234],[313,-391]],"c":true},"ix":2},"nm":"Path 1","mn":"ADBE Vector Shape - Group","hd":false},{"ty":"fl","c":{"a":0,"k":[0.184160539216,0.04886858323,0.009941511528,1],"ix":4},"o":{"a":0,"k":100,"ix":5},"r":1,"bm":0,"nm":"Fill 1","mn":"ADBE Vector Graphic - Fill","hd":false},{"ty":"tr","p":{"a":0,"k":[0,0],"ix":2},"a":{"a":0,"k":[0,0],"ix":1},"s":{"a":0,"k":[100,99.682],"ix":3},"r":{"a":0,"k":0,"ix":6},"o":{"a":0,"k":100,"ix":7},"sk":{"a":0,"k":0,"ix":4},"sa":{"a":0,"k":0,"ix":5},"nm":"Transform"}],"nm":"Shape 1","np":3,"cix":2,"bm":0,"ix":1,"mn":"ADBE Vector Group","hd":false}],"ip":0,"op":300.3003003003,"st":0,"bm":0},{"ddd":0,"ind":24,"ty":4,"nm":"Shape Layer 2","sr":1,"ks":{"o":{"a":0,"k":100,"ix":11},"r":{"a":0,"k":0,"ix":10},"p":{"a":0,"k":[322,122,0],"ix":2},"a":{"a":0,"k":[0,0,0],"ix":1},"s":{"a":0,"k":[142.145,142.145,100],"ix":6}},"ao":0,"shapes":[{"ty":"gr","it":[{"ind":0,"ty":"sh","ix":1,"ks":{"a":0,"k":{"i":[[0,0],[0,0],[0,0],[0,0],[0,0],[0,0],[0,0],[0,0],[119.869,-0.341]],"o":[[0,0],[0,0],[0,0],[0,0],[0,0],[0,0],[0,0],[0,0],[-117.815,0.329]],"v":[[-229.564,-33.634],[-230.427,16.887],[-226.411,29.596],[-141.115,41.163],[0.029,41.163],[171.271,41.163],[230.427,14.698],[230.427,-31.482],[-3.601,-40.822]],"c":true},"ix":2},"nm":"Path 1","mn":"ADBE Vector Shape - Group","hd":false},{"ty":"gf","o":{"a":0,"k":100,"ix":10},"r":1,"bm":0,"g":{"p":11,"k":{"a":0,"k":[0.045,0.599,0.333,0.223,0.124,0.799,0.54,0.433,0.203,1,0.747,0.642,0.331,0.707,0.504,0.42,0.458,0.415,0.261,0.197,0.556,0.3,0.171,0.117,0.654,0.186,0.081,0.037,0.732,0.176,0.082,0.049,0.811,0.165,0.083,0.061,0.906,0.326,0.204,0.153,1,0.486,0.325,0.246],"ix":9}},"s":{"a":0,"k":[-225.87,-2.946],"ix":5},"e":{"a":0,"k":[215.568,-0.599],"ix":6},"t":1,"nm":"Gradient Fill 1","mn":"ADBE Vector Graphic - G-Fill","hd":false},{"ty":"tr","p":{"a":0,"k":[296.055,745.381],"ix":2},"a":{"a":0,"k":[0,0],"ix":1},"s":{"a":0,"k":[100,101.124],"ix":3},"r":{"a":0,"k":0,"ix":6},"o":{"a":0,"k":100,"ix":7},"sk":{"a":0,"k":0,"ix":4},"sa":{"a":0,"k":0,"ix":5},"nm":"Transform"}],"nm":"Group 2","np":3,"cix":2,"bm":0,"ix":1,"mn":"ADBE Vector Group","hd":false}],"ip":0,"op":300.3003003003,"st":0,"bm":0},{"ddd":0,"ind":25,"ty":4,"nm":"유리 2","sr":1,"ks":{"o":{"a":0,"k":71,"ix":11},"r":{"a":0,"k":0,"ix":10},"p":{"a":0,"k":[322,122,0],"ix":2},"a":{"a":0,"k":[0,0,0],"ix":1},"s":{"a":0,"k":[142.145,142.145,100],"ix":6}},"ao":0,"shapes":[{"ty":"gr","it":[{"ind":0,"ty":"sh","ix":1,"ks":{"a":0,"k":{"i":[[255.564,-28.021],[-65.383,-58.12],[0,-17.643],[11.417,-78.349],[0,0],[-184.961,23.874],[11.421,78.36],[0,17.642],[-65.384,58.119],[0,0]],"o":[[0,0],[65.384,58.119],[0,17.642],[-11.417,78.36],[0,0],[0,0],[-11.42,-78.349],[0,-17.643],[65.383,-58.12],[0,0]],"v":[[-224.447,-273.728],[-175.148,-98.852],[-41.268,-0.777],[-218.737,163.198],[-214.587,277.874],[214.589,277.874],[218.736,163.198],[41.267,-0.777],[175.148,-98.852],[224.447,-273.728]],"c":true},"ix":2},"nm":"Path 1","mn":"ADBE Vector Shape - Group","hd":false},{"ty":"tr","p":{"a":0,"k":[295.84,434.456],"ix":2},"a":{"a":0,"k":[0,0],"ix":1},"s":{"a":0,"k":[100,100],"ix":3},"r":{"a":0,"k":0,"ix":6},"o":{"a":0,"k":100,"ix":7},"sk":{"a":0,"k":0,"ix":4},"sa":{"a":0,"k":0,"ix":5},"nm":"Transform"}],"nm":"Group 4","np":2,"cix":2,"bm":0,"ix":1,"mn":"ADBE Vector Group","hd":false},{"ty":"fl","c":{"a":0,"k":[0.85162377451,0.85162377451,0.85162377451,1],"ix":4},"o":{"a":0,"k":100,"ix":5},"r":1,"bm":0,"nm":"Fill 1","mn":"ADBE Vector Graphic - Fill","hd":false}],"ip":0,"op":300.3003003003,"st":0,"bm":0}]}],"layers":[{"ddd":0,"ind":1,"ty":0,"nm":"2","refId":"comp_0","sr":1,"ks":{"o":{"a":1,"k":[{"i":{"x":[0.833],"y":[0.833]},"o":{"x":[0.167],"y":[0.167]},"t":88,"s":[0]},{"t":96,"s":[100]}],"ix":11},"r":{"a":1,"k":[{"i":{"x":[0.833],"y":[0.833]},"o":{"x":[0.167],"y":[0.167]},"t":88,"s":[-180]},{"t":99,"s":[0]}],"ix":10},"p":{"a":0,"k":[750,750,0],"ix":2},"a":{"a":0,"k":[750,750,0],"ix":1},"s":{"a":0,"k":[100,100,100],"ix":6}},"ao":0,"w":1500,"h":1500,"ip":88,"op":388.3003003003,"st":88,"bm":0},{"ddd":0,"ind":2,"ty":0,"nm":"Comp 1","refId":"comp_0","sr":1,"ks":{"o":{"a":1,"k":[{"i":{"x":[0.833],"y":[0.833]},"o":{"x":[0.167],"y":[0.167]},"t":88,"s":[100]},{"t":96,"s":[0]}],"ix":11},"r":{"a":1,"k":[{"i":{"x":[0.833],"y":[0.833]},"o":{"x":[0.167],"y":[0.167]},"t":88,"s":[0]},{"t":99,"s":[180]}],"ix":10},"p":{"a":0,"k":[750,750,0],"ix":2},"a":{"a":0,"k":[750,750,0],"ix":1},"s":{"a":0,"k":[100,100,100],"ix":6}},"ao":0,"w":1500,"h":1500,"ip":0,"op":300.3003003003,"st":0,"bm":0}],"markers":[]}