{"v":"5.5.2","fr":30,"ip":0,"op":60,"w":340,"h":340,"nm":"scan_effect_ing","ddd":0,"assets":[],"layers":[{"ddd":0,"ind":1,"ty":4,"nm":"guide Outlines","sr":1,"ks":{"o":{"a":0,"k":100,"ix":11},"r":{"a":0,"k":0,"ix":10},"p":{"a":0,"k":[170,170,0],"ix":2},"a":{"a":0,"k":[112,112,0],"ix":1},"s":{"a":1,"k":[{"i":{"x":[0.833,0.833,0.833],"y":[0.833,0.833,0.833]},"o":{"x":[0.167,0.167,0.167],"y":[0.167,0.167,0.167]},"t":0,"s":[100,100.03500000000001,100],"e":[120,120.042,100]},{"i":{"x":[0.833,0.833,0.833],"y":[0.833,0.833,0.833]},"o":{"x":[0.167,0.167,0.167],"y":[0.167,0.167,0.167]},"t":30,"s":[120,120.042,100],"e":[100,100.03500000000001,100]},{"t":60}],"ix":6}},"ao":0,"shapes":[{"ty":"gr","it":[{"ind":0,"ty":"sh","ix":1,"ks":{"a":0,"k":{"i":[[0,0],[0,-0.552],[-0.553,0],[0,0],[0,-10.493],[0,0],[-0.552,0],[0,0.552],[0,0],[11.598,0]],"o":[[-0.553,0],[0,0.552],[0,0],[10.493,0],[0,0],[0,0.552],[0.553,0],[0,0],[0,-11.598],[0,0]],"v":[[71,-112],[70,-111],[71,-110],[91,-110],[110,-91],[110,-71],[111,-70],[112,-71],[112,-91],[91,-112]],"c":true},"ix":2},"nm":"Path 1","mn":"ADBE Vector Shape - Group","hd":false},{"ind":1,"ty":"sh","ix":2,"ks":{"a":0,"k":{"i":[[0,0],[0,-11.598],[0,0],[-0.552,0],[0,0.552],[0,0],[-10.493,0],[0,0],[0,0.552],[0.552,0]],"o":[[-11.598,0],[0,0],[0,0.552],[0.553,0],[0,0],[0,-10.493],[0,0],[0.552,0],[0,-0.552],[0,0]],"v":[[-91,-112],[-112,-91],[-112,-71],[-111,-70],[-110,-71],[-110,-91],[-91,-110],[-71,-110],[-70,-111],[-71,-112]],"c":true},"ix":2},"nm":"Path 2","mn":"ADBE Vector Shape - Group","hd":false},{"ind":2,"ty":"sh","ix":3,"ks":{"a":0,"k":{"i":[[0,-0.553],[0,0],[10.493,0],[0,0],[0,-0.553],[-0.553,0],[0,0],[0,11.598],[0,0],[0.553,0]],"o":[[0,0],[0,10.493],[0,0],[-0.553,0],[0,0.553],[0,0],[11.598,0],[0,0],[0,-0.553],[-0.552,0]],"v":[[110,71],[110,91],[91,110],[71,110],[70,111],[71,112],[91,112],[112,91],[112,71],[111,70]],"c":true},"ix":2},"nm":"Path 3","mn":"ADBE Vector Shape - Group","hd":false},{"ind":3,"ty":"sh","ix":4,"ks":{"a":0,"k":{"i":[[0,-0.553],[0,0],[-11.598,0],[0,0],[0,0.553],[0.552,0],[0,0],[0,10.493],[0,0],[0.553,0]],"o":[[0,0],[0,11.598],[0,0],[0.552,0],[0,-0.553],[0,0],[-10.493,0],[0,0],[0,-0.553],[-0.552,0]],"v":[[-112,71],[-112,91],[-91,112],[-71,112],[-70,111],[-71,110],[-91,110],[-110,91],[-110,71],[-111,70]],"c":true},"ix":2},"nm":"Path 4","mn":"ADBE Vector Shape - Group","hd":false},{"ty":"mm","mm":1,"nm":"Merge Paths 1","mn":"ADBE Vector Filter - Merge","hd":false},{"ty":"fl","c":{"a":0,"k":[0.7294117647058823,0.00784313725490196,0.00784313725490196,1],"ix":4},"o":{"a":0,"k":100,"ix":5},"r":1,"bm":0,"nm":"Fill 1","mn":"ADBE Vector Graphic - Fill","hd":false},{"ty":"tr","p":{"a":0,"k":[112,112],"ix":2},"a":{"a":0,"k":[0,0],"ix":1},"s":{"a":0,"k":[100,100],"ix":3},"r":{"a":0,"k":0,"ix":6},"o":{"a":0,"k":100,"ix":7},"sk":{"a":0,"k":0,"ix":4},"sa":{"a":0,"k":0,"ix":5},"nm":"Transform"}],"nm":"Group 1","np":6,"cix":2,"bm":0,"ix":1,"mn":"ADBE Vector Group","hd":false}],"ip":0,"op":60,"st":0,"bm":0},{"ddd":0,"ind":7,"ty":4,"nm":"scanning","sr":1.9,"ks":{"o":{"a":0,"k":100,"ix":11},"r":{"a":0,"k":0,"ix":10},"p":{"a":1,"k":[{"i":{"x":0.833,"y":0.833},"o":{"x":0.167,"y":0.167},"t":3,"s":[170,20,0],"e":[170,297.64,0],"to":[0,40.917,0],"ti":[0,-61.42,0]},{"i":{"x":0.833,"y":0.833},"o":{"x":0.167,"y":0.167},"t":27.701,"s":[170,297.64,0],"e":[170,319,0],"to":[0,13.384,0],"ti":[0,0,0]},{"i":{"x":0.833,"y":0.833},"o":{"x":0.167,"y":0.167},"t":29.6,"s":[170,319,0],"e":[170,20,0],"to":[0,0,0],"ti":[0,49.833,0]},{"t":56.2001302105642}],"ix":2},"a":{"a":0,"k":[0,-20,0],"ix":1},"s":{"a":0,"k":[100,100,100],"ix":6}},"ao":0,"shapes":[{"ty":"gr","it":[{"ty":"rc","d":1,"s":{"a":0,"k":[274,4],"ix":2},"p":{"a":0,"k":[0,0],"ix":3},"r":{"a":0,"k":20,"ix":4},"nm":"Rectangle Path 1","mn":"ADBE Vector Shape - Rect","hd":false},{"ty":"fl","c":{"a":0,"k":[0.2901960784313726,0.5647058823529412,0.8862745098039215,1],"ix":4},"o":{"a":0,"k":100,"ix":5},"r":1,"bm":0,"nm":"Fill 1","mn":"ADBE Vector Graphic - Fill","hd":false},{"ty":"tr","p":{"a":0,"k":[0,-18],"ix":2},"a":{"a":0,"k":[0,0],"ix":1},"s":{"a":0,"k":[100,100],"ix":3},"r":{"a":0,"k":0,"ix":6},"o":{"a":0,"k":100,"ix":7},"sk":{"a":0,"k":0,"ix":4},"sa":{"a":0,"k":0,"ix":5},"nm":"Transform"}],"nm":"Rectangle 1","np":3,"cix":2,"bm":0,"ix":1,"mn":"ADBE Vector Group","hd":false}],"ip":0,"op":60,"st":3,"bm":0},{"ddd":0,"ind":8,"ty":4,"nm":"shadow 2","parent":7,"sr":1.9,"ks":{"o":{"a":1,"k":[{"i":{"x":[0.833],"y":[0.833]},"o":{"x":[0.167],"y":[0.167]},"t":3,"s":[0],"e":[100]},{"i":{"x":[0.833],"y":[0.833]},"o":{"x":[0.167],"y":[0.167]},"t":6.8,"s":[100],"e":[100]},{"i":{"x":[0.833],"y":[0.833]},"o":{"x":[0.167],"y":[0.167]},"t":27.701,"s":[100],"e":[0]},{"t":29.6000651052821}],"ix":11},"r":{"a":0,"k":0,"ix":10},"p":{"a":1,"k":[{"i":{"x":0.833,"y":0.833},"o":{"x":0.167,"y":0.167},"t":3,"s":[0.564,-42,0],"e":[-1.385,-42,0],"to":[0,0,0],"ti":[0,0,0]},{"i":{"x":0.833,"y":0.833},"o":{"x":0.167,"y":0.167},"t":8,"s":[-1.385,-42,0],"e":[-0.113,-42,0],"to":[0,0,0],"ti":[0,0,0]},{"i":{"x":0.833,"y":0.833},"o":{"x":0.167,"y":0.167},"t":8.699,"s":[-0.113,-42,0],"e":[0.564,-42,0],"to":[0,0,0],"ti":[0,0,0]},{"i":{"x":0.833,"y":0.833},"o":{"x":0.167,"y":0.167},"t":29.6,"s":[0.564,-42,0],"e":[-1.456,-42,0],"to":[0,0,0],"ti":[0,0,0]},{"i":{"x":0.833,"y":0.833},"o":{"x":0.167,"y":0.167},"t":39,"s":[-1.456,-42,0],"e":[0.564,-42,0],"to":[0,0,0],"ti":[0,0,0]},{"t":56.2001302105642}],"ix":2},"a":{"a":0,"k":[4.5,-50.4,0],"ix":1},"s":{"a":0,"k":[100,100,100],"ix":6}},"ao":0,"shapes":[{"ty":"gr","it":[{"ty":"rc","d":1,"s":{"a":0,"k":[240,30],"ix":2},"p":{"a":0,"k":[0,0],"ix":3},"r":{"a":0,"k":0,"ix":4},"nm":"Rectangle Path 1","mn":"ADBE Vector Shape - Rect","hd":false},{"ty":"gf","o":{"a":0,"k":100,"ix":10},"r":1,"bm":0,"g":{"p":3,"k":{"a":0,"k":[0,0.6705882352941176,0.7215686274509804,0.7215686274509804,0.5,0.596078431372549,0.5333333333333333,0.596078431372549,1,1,1,1,0,0.8,0.5,0.4,1,0],"ix":9}},"s":{"a":0,"k":[100.982,35.322],"ix":5},"e":{"a":0,"k":[100.711,-11.546],"ix":6},"t":1,"nm":"Gradient Fill 1","mn":"ADBE Vector Graphic - G-Fill","hd":false},{"ty":"tr","p":{"a":0,"k":[5.291,-49.393],"ix":2},"a":{"a":0,"k":[0,0],"ix":1},"s":{"a":0,"k":[100,170.989],"ix":3},"r":{"a":0,"k":0,"ix":6},"o":{"a":0,"k":100,"ix":7},"sk":{"a":0,"k":0,"ix":4},"sa":{"a":0,"k":0,"ix":5},"nm":"Transform"}],"nm":"Rectangle 1","np":3,"cix":2,"bm":0,"ix":1,"mn":"ADBE Vector Group","hd":false}],"ip":0,"op":60,"st":3,"bm":0},{"ddd":0,"ind":9,"ty":4,"nm":"shadow","parent":7,"sr":1.9,"ks":{"o":{"a":1,"k":[{"i":{"x":[0.833],"y":[0.833]},"o":{"x":[0.167],"y":[0.167]},"t":27.701,"s":[0],"e":[100]},{"i":{"x":[0.833],"y":[0.833]},"o":{"x":[0.167],"y":[0.167]},"t":33.4,"s":[100],"e":[100]},{"i":{"x":[0.833],"y":[0.833]},"o":{"x":[0.167],"y":[0.167]},"t":54.301,"s":[100],"e":[0]},{"t":56.2001302105642}],"ix":11},"r":{"a":0,"k":0,"ix":10},"p":{"a":1,"k":[{"i":{"x":0.833,"y":0.833},"o":{"x":0.167,"y":0.167},"t":8,"s":[0.564,-42.452,0],"e":[1.242,-42.452,0],"to":[0.113,0,0],"ti":[0,-0.833,0]},{"i":{"x":0.833,"y":0.833},"o":{"x":0.167,"y":0.167},"t":8.699,"s":[1.242,-42.452,0],"e":[0.564,-37.452,0],"to":[0,0.833,0],"ti":[0.113,-0.075,0]},{"i":{"x":0.833,"y":0.833},"o":{"x":0.167,"y":0.167},"t":33.4,"s":[0.564,-37.452,0],"e":[0.104,-37.463,0],"to":[-0.057,0.038,0],"ti":[-0.015,0.191,0]},{"i":{"x":0.833,"y":0.833},"o":{"x":0.167,"y":0.167},"t":39,"s":[0.104,-37.463,0],"e":[0.554,-38.235,0],"to":[0.009,-0.11,0],"ti":[-0.009,0.501,0]},{"i":{"x":0.833,"y":0.833},"o":{"x":0.167,"y":0.167},"t":52.4,"s":[0.554,-38.235,0],"e":[0.561,-38.118,0],"to":[0.003,-0.166,0],"ti":[-0.002,0.857,0]},{"i":{"x":0.833,"y":0.833},"o":{"x":0.167,"y":0.167},"t":54.301,"s":[0.561,-38.118,0],"e":[0.564,-42,0],"to":[0.002,-0.904,0],"ti":[0,0.077,0]},{"t":56.2001302105642}],"ix":2},"a":{"a":0,"k":[4.5,-50.4,0],"ix":1},"s":{"a":0,"k":[100,-100,100],"ix":6}},"ao":0,"shapes":[{"ty":"gr","it":[{"ty":"rc","d":1,"s":{"a":0,"k":[240,30],"ix":2},"p":{"a":0,"k":[0,0],"ix":3},"r":{"a":0,"k":0,"ix":4},"nm":"Rectangle Path 1","mn":"ADBE Vector Shape - Rect","hd":false},{"ty":"gf","o":{"a":0,"k":100,"ix":10},"r":1,"bm":0,"g":{"p":3,"k":{"a":0,"k":[0,0.34509803921568627,0.4,0.4,0.5,1,1,1,1,1,1,1,0,0.8,0.5,0.4,1,0],"ix":9}},"s":{"a":0,"k":[100.982,35.322],"ix":5},"e":{"a":0,"k":[100.711,-11.546],"ix":6},"t":1,"nm":"Gradient Fill 1","mn":"ADBE Vector Graphic - G-Fill","hd":false},{"ty":"tr","p":{"a":0,"k":[3.936,-94.371],"ix":2},"a":{"a":0,"k":[0,0],"ix":1},"s":{"a":0,"k":[100,170.989],"ix":3},"r":{"a":0,"k":0,"ix":6},"o":{"a":0,"k":100,"ix":7},"sk":{"a":0,"k":0,"ix":4},"sa":{"a":0,"k":0,"ix":5},"nm":"Transform"}],"nm":"Rectangle 1","np":3,"cix":2,"bm":0,"ix":1,"mn":"ADBE Vector Group","hd":false}],"ip":0,"op":60,"st":3,"bm":0}],"markers":[]}